{
  "getAllUserGrants" : {
    "transaction" : "getAllUserGrants",
    "sampleCount" : 10,
    "errorCount" : 10,
    "errorPct" : 100.0,
    "meanResTime" : 99111.7,
    "medianResTime" : 99061.5,
    "minResTime" : 99055.0,
    "maxResTime" : 99346.0,
    "pct1ResTime" : 99338.4,
    "pct2ResTime" : 99346.0,
    "pct3ResTime" : 99346.0,
    "throughput" : 0.09957878175318402,
    "receivedKBytesPerSec" : 0.05716055460402497,
    "sentKBytesPerSec" : 0.25906042440476784
  },
  "Total" : {
    "transaction" : "Total",
    "sampleCount" : 50,
    "errorCount" : 20,
    "errorPct" : 40.0,
    "meanResTime" : 48678.83999999999,
    "medianResTime" : 40444.0,
    "minResTime" : 172.0,
    "maxResTime" : 101904.0,
    "pct1ResTime" : 101728.9,
    "pct2ResTime" : 101852.15,
    "pct3ResTime" : 101904.0,
    "throughput" : 0.20145287815727023,
    "receivedKBytesPerSec" : 2.222509205137451,
    "sentKBytesPerSec" : 0.5250365636973855
  },
  "getAllModules" : {
    "transaction" : "getAllModules",
    "sampleCount" : 10,
    "errorCount" : 10,
    "errorPct" : 100.0,
    "meanResTime" : 101608.9,
    "medianResTime" : 101668.5,
    "minResTime" : 101177.0,
    "maxResTime" : 101904.0,
    "pct1ResTime" : 101901.4,
    "pct2ResTime" : 101904.0,
    "pct3ResTime" : 101904.0,
    "throughput" : 0.09813157481551264,
    "receivedKBytesPerSec" : 0.056214825963652064,
    "sentKBytesPerSec" : 0.25366628763345894
  },
  "getNavigations" : {
    "transaction" : "getNavigations",
    "sampleCount" : 10,
    "errorCount" : 0,
    "errorPct" : 0.0,
    "meanResTime" : 317.0,
    "medianResTime" : 252.0,
    "minResTime" : 172.0,
    "maxResTime" : 664.0,
    "pct1ResTime" : 658.6,
    "pct2ResTime" : 664.0,
    "pct3ResTime" : 664.0,
    "throughput" : 1.0333781130515656,
    "receivedKBytesPerSec" : 38.914557391236954,
    "sentKBytesPerSec" : 2.683351955668079
  },
  "getAllRolesAndGrades" : {
    "transaction" : "getAllRolesAndGrades",
    "sampleCount" : 10,
    "errorCount" : 0,
    "errorPct" : 0.0,
    "meanResTime" : 2498.0,
    "medianResTime" : 2634.5,
    "minResTime" : 1704.0,
    "maxResTime" : 3021.0,
    "pct1ResTime" : 2998.9,
    "pct2ResTime" : 3021.0,
    "pct3ResTime" : 3021.0,
    "throughput" : 3.2425421530479897,
    "receivedKBytesPerSec" : 30.662605889267184,
    "sentKBytesPerSec" : 8.49900697146563
  },
  "getProjectNavs" : {
    "transaction" : "getProjectNavs",
    "sampleCount" : 10,
    "errorCount" : 0,
    "errorPct" : 0.0,
    "meanResTime" : 39858.6,
    "medianResTime" : 40444.0,
    "minResTime" : 34511.0,
    "maxResTime" : 43867.0,
    "pct1ResTime" : 43814.9,
    "pct2ResTime" : 43867.0,
    "pct3ResTime" : 43867.0,
    "throughput" : 0.22382881572173602,
    "receivedKBytesPerSec" : 1.5446811278734025,
    "sentKBytesPerSec" : 0.5879878069252635
  }
}